{
  "tour": [
    0,
    16,
    27,
    82,
    2,
    62,
    47,
    59,
    1,
    96,
    52,
    28,
    88,
    5,
    61,
    81,
    21,
    50,
    20,
    90,
    34,
    22,
    95,
    83,
    58,
    38,
    60,
    8,
    12,
    92,
    3,
    48,
    11,
    55,
    10,
    17,
    68,
    87,
    85,
    79,
    91,
    42,
    94,
    67,
    78,
    84,
    44,
    98,
    35,
    53,
    37,
    19,
    23,
    65,
    33,
    39,
    76,
    72,
    9,
    18,
    14,
    6,
    40,
    71,
    56,
    69,
    70,
    73,
    15,
    54,
    26,
    46,
    66,
    41,
    74,
    49,
    57,
    64,
    63,
    89,
    80,
    29,
    86,
    24,
    93,
    31,
    75,
    77,
    36,
    97,
    45,
    99,
    7,
    51,
    43,
    30,
    4,
    25,
    32,
    13
  ],
  "cost": 49100.00141335015,
  "total_profit": 5678,
  "objective": -43422.00141335015,
  "feasible": true,
  "algorithm": "GreedyInsertion",
  "computation_time": 0.0383501,
  "iterations": null
}