{
  "tour": [
    0,
    61,
    26,
    33,
    46,
    65,
    89,
    4,
    30,
    29,
    80,
    86,
    43,
    93,
    24,
    75,
    31,
    77,
    36,
    51,
    7,
    97,
    45,
    2,
    82,
    27,
    52,
    96,
    62,
    47,
    59,
    1,
    58,
    99,
    95,
    83,
    22,
    38,
    60,
    34,
    90,
    20,
    21,
    8,
    12,
    98,
    92,
    84,
    3,
    44,
    48,
    11,
    55,
    10,
    68,
    18,
    14,
    9,
    85,
    87,
    79,
    91,
    42,
    94,
    17,
    67,
    78,
    37,
    53,
    35,
    50,
    5,
    16,
    28,
    88,
    81,
    23,
    19,
    39,
    76,
    72,
    70,
    73,
    15,
    54,
    66,
    41,
    56,
    69,
    6,
    32,
    40,
    71,
    74,
    49,
    25,
    64,
    57,
    63,
    13,
    0
  ],
  "cost": 9161.194081258243,
  "total_profit": 5678,
  "objective": -3483.1940812582434,
  "feasible": true,
  "algorithm": "Gurobi-Exact",
  "computation_time": 300.1096532,
  "iterations": null
}